experiment,scenario,test_entities,detected,recall
V5_BASELINE,benign_control,112,42,0.375
V5_BASELINE,fan_in_collection,8,8,1.0
V5_BASELINE,fan_out_burst,3,3,1.0
V5_BASELINE,ip_sharing,34,24,0.7058823529411765
V5_BASELINE,peel_chain,6,5,0.8333333333333334
V5_BASELINE,rapid_hop,5,3,0.6
V5_BASELINE,structuring,3,3,1.0
V61_BEHAVIOR_ONLY,benign_control,112,0,0.0
V61_BEHAVIOR_ONLY,fan_in_collection,8,8,1.0
V61_BEHAVIOR_ONLY,fan_out_burst,3,3,1.0
V61_BEHAVIOR_ONLY,ip_sharing,34,34,1.0
V61_BEHAVIOR_ONLY,peel_chain,6,6,1.0
V61_BEHAVIOR_ONLY,rapid_hop,5,4,0.8
V61_BEHAVIOR_ONLY,structuring,3,3,1.0
V5_PLUS_V61,benign_control,112,0,0.0
V5_PLUS_V61,fan_in_collection,8,8,1.0
V5_PLUS_V61,fan_out_burst,3,3,1.0
V5_PLUS_V61,ip_sharing,34,34,1.0
V5_PLUS_V61,peel_chain,6,6,1.0
V5_PLUS_V61,rapid_hop,5,4,0.8
V5_PLUS_V61,structuring,3,3,1.0
