experiment,rank,feature,importance
V5_BASELINE,1,out_degree,0.09775048797422073
V5_BASELINE,2,counterparty_count,0.07715583077784423
V5_BASELINE,3,total_output_btc,0.06723400865541983
V5_BASELINE,4,output_amount_concentration,0.06540803558279087
V5_BASELINE,5,output_amount_entropy,0.06311768046649806
V5_BASELINE,6,min_abs_time_delta_ms,0.06169256006258789
V5_BASELINE,7,exact_match_rate,0.05863786466122145
V5_BASELINE,8,flow_imbalance,0.05586791855021266
V5_BASELINE,9,total_input_btc,0.04931049606868186
V5_BASELINE,10,exact_match_count,0.04713143729257757
V5_BASELINE,11,input_amount_concentration,0.044464169741591834
V5_BASELINE,12,input_amount_entropy,0.04288485691727648
V5_BASELINE,13,close_match_rate,0.0426839477418515
V5_BASELINE,14,broad_match_count,0.03851354963978996
V5_BASELINE,15,hosting_like_event_count,0.03648379608398478
V5_BASELINE,16,network_risk_signal,0.034103565507712444
V5_BASELINE,17,input_transaction_count,0.028471770720401197
V5_BASELINE,18,close_match_count,0.01913458302092065
V5_BASELINE,19,tor_like_event_count,0.01791033788775374
V5_BASELINE,20,in_degree,0.017428556886200715
V5_BASELINE,21,output_transaction_count,0.017112186497015743
V5_BASELINE,22,high_confidence_ip_evidence_count,0.012801088110226809
V5_BASELINE,23,high_confidence_asn_evidence_count,0.004701271153219087
V61_BEHAVIOR_ONLY,1,v61_layering_successor_count,0.1455491325830577
V61_BEHAVIOR_ONLY,2,v61_layering_successor_ratio,0.14232663767543446
V61_BEHAVIOR_ONLY,3,v61_rapid_chain_depth,0.08513322277750922
V61_BEHAVIOR_ONLY,4,v61_min_successor_delay_sec,0.08031062914680767
V61_BEHAVIOR_ONLY,5,v61_rapid_successor_ratio,0.06997245412265739
V61_BEHAVIOR_ONLY,6,v61_rapid_successor_count,0.05416884475527587
V61_BEHAVIOR_ONLY,7,v61_very_rapid_successor_count,0.046863227927588846
V61_BEHAVIOR_ONLY,8,v61_temporal_outgoing_edge_count,0.020744363733281646
V61_BEHAVIOR_ONLY,9,v61_very_high_amount_retention_count,0.018219558524416462
V61_BEHAVIOR_ONLY,10,v61_structuring_amount_mean,0.01743518975617743
V61_BEHAVIOR_ONLY,11,v61_structuring_band_ratio,0.017275925619366323
V61_BEHAVIOR_ONLY,12,v61_structuring_band_count,0.016014061683749175
V61_BEHAVIOR_ONLY,13,v6_output_amount_entropy,0.015930923734040505
V61_BEHAVIOR_ONLY,14,v61_very_high_amount_retention_ratio,0.014119959285917246
V61_BEHAVIOR_ONLY,15,v6_min_interarrival_sec,0.013780621680002547
V61_BEHAVIOR_ONLY,16,v6_burst_interval_count,0.01155329309592742
V61_BEHAVIOR_ONLY,17,v61_high_amount_retention_count,0.01077192437394573
V61_BEHAVIOR_ONLY,18,v6_incoming_tx_count,0.010555734069357803
V61_BEHAVIOR_ONLY,19,v6_fanout_tx_ratio,0.010344053661693244
V61_BEHAVIOR_ONLY,20,v6_repeated_output_amount_ratio,0.010231864717225836
V61_BEHAVIOR_ONLY,21,v6_median_interarrival_sec,0.010031155474380637
V61_BEHAVIOR_ONLY,22,v6_max_outputs_per_spend,0.009963751751523022
V61_BEHAVIOR_ONLY,23,v6_burst_interval_ratio,0.009775859552166784
V61_BEHAVIOR_ONLY,24,v6_network_src_asn_count,0.009356876611622813
V61_BEHAVIOR_ONLY,25,v61_high_amount_retention_ratio,0.008753813992363978
V61_BEHAVIOR_ONLY,26,v6_fanout_tx_count,0.00798883589038487
V61_BEHAVIOR_ONLY,27,v6_output_amount_concentration,0.0074368655977909105
V61_BEHAVIOR_ONLY,28,v6_network_exact_match_count,0.006790544485826927
V61_BEHAVIOR_ONLY,29,v6_mean_outputs_per_spend,0.006723287172249433
V61_BEHAVIOR_ONLY,30,v6_network_src_country_count,0.006555344682318938
V61_BEHAVIOR_ONLY,31,v6_repeated_output_amount_count,0.005987452612914849
V61_BEHAVIOR_ONLY,32,v6_max_repeated_amount_frequency,0.0055484687911999935
V61_BEHAVIOR_ONLY,33,v6_active_tx_count,0.005538605279862515
V61_BEHAVIOR_ONLY,34,v6_network_candidate_count,0.005119643513715944
V61_BEHAVIOR_ONLY,35,v61_median_amount_retention,0.0051158926930871184
V61_BEHAVIOR_ONLY,36,v6_mean_interarrival_sec,0.004907848179178168
V61_BEHAVIOR_ONLY,37,v6_network_src_ip_count,0.004689512259996765
V61_BEHAVIOR_ONLY,38,v6_network_weighted_evidence,0.004641628020173342
V61_BEHAVIOR_ONLY,39,v6_network_dst_ip_count,0.0045276233900334
V61_BEHAVIOR_ONLY,40,v61_amount_retention_observations,0.004473494867454263
V61_BEHAVIOR_ONLY,41,v61_mean_amount_retention,0.0040882606893961615
V61_BEHAVIOR_ONLY,42,v61_successor_observation_count,0.003941265571177174
V61_BEHAVIOR_ONLY,43,v61_small_peel_amount_mean,0.0035786229369135186
V61_BEHAVIOR_ONLY,44,v6_network_hosting_event_count,0.0034136370310178855
V61_BEHAVIOR_ONLY,45,v6_median_spend_delay_sec,0.0032940620441714867
V61_BEHAVIOR_ONLY,46,v61_median_successor_delay_sec,0.0031475741821238084
V61_BEHAVIOR_ONLY,47,v61_small_peel_output_ratio,0.003053665923070435
V61_BEHAVIOR_ONLY,48,v6_two_output_tx_ratio,0.002852877906873218
V61_BEHAVIOR_ONLY,49,v6_mean_spend_delay_sec,0.0028039081060339654
V61_BEHAVIOR_ONLY,50,v6_min_spend_delay_sec,0.0022396917941314674
V61_BEHAVIOR_ONLY,51,v6_network_median_time_delta_ms,0.002220464036127077
V61_BEHAVIOR_ONLY,52,v61_small_peel_output_count,0.002100923872068027
V61_BEHAVIOR_ONLY,53,v6_flow_through_ratio,0.0020850604713701544
V61_BEHAVIOR_ONLY,54,v6_network_exact_match_rate,0.0020175420632244294
V61_BEHAVIOR_ONLY,55,v6_network_high_conf_ip_rate,0.0020054608256006873
V61_BEHAVIOR_ONLY,56,v61_mean_entities_per_ip,0.0014889469235243825
V61_BEHAVIOR_ONLY,57,v6_mean_inputs_per_spend,0.0011335828445537112
V61_BEHAVIOR_ONLY,58,v61_unique_source_ip_count,0.0010939162960692044
V61_BEHAVIOR_ONLY,59,v61_max_entities_per_ip,0.0010872046865964646
V61_BEHAVIOR_ONLY,60,v6_input_amount_concentration,0.0009479080706603863
V61_BEHAVIOR_ONLY,61,v6_input_amount_entropy,0.000941094330036388
V61_BEHAVIOR_ONLY,62,v6_network_tor_event_count,0.0007889231684772202
V61_BEHAVIOR_ONLY,63,v6_network_high_conf_asn_rate,0.0007641096468574375
V61_BEHAVIOR_ONLY,64,v6_unique_output_amounts,0.0007149809980008205
V61_BEHAVIOR_ONLY,65,v6_spend_delay_observations,0.0007042615253697734
V61_BEHAVIOR_ONLY,66,v61_shared_ip_count,0.0006762426508496326
V61_BEHAVIOR_ONLY,67,v6_outgoing_tx_count,0.0006480715978291301
V61_BEHAVIOR_ONLY,68,v6_max_inputs_per_spend,0.0005025587269684928
V61_BEHAVIOR_ONLY,69,v6_two_output_tx_count,0.00037674657739237346
V61_BEHAVIOR_ONLY,70,v6_fanin_tx_ratio,3.4112386301719415e-05
V61_BEHAVIOR_ONLY,71,v61_shared_ip_ratio,1.4173151149730285e-05
V61_BEHAVIOR_ONLY,72,v6_fanin_tx_count,1.202122438649862e-05
V61_BEHAVIOR_ONLY,73,v6_rapid_spend_ratio,0.0
V61_BEHAVIOR_ONLY,74,v6_very_rapid_spend_ratio,0.0
V61_BEHAVIOR_ONLY,75,v6_rapid_spend_count,0.0
V61_BEHAVIOR_ONLY,76,v61_structuring_amount_std,0.0
V61_BEHAVIOR_ONLY,77,v61_peel_min_interval_sec,0.0
V61_BEHAVIOR_ONLY,78,v61_small_peel_amount_std,0.0
V61_BEHAVIOR_ONLY,79,v61_peel_median_interval_sec,0.0
V61_BEHAVIOR_ONLY,80,v61_structuring_min_interval_sec,0.0
V61_BEHAVIOR_ONLY,81,v61_structuring_median_interval_sec,0.0
V61_BEHAVIOR_ONLY,82,v61_small_peel_amount_cv,0.0
V61_BEHAVIOR_ONLY,83,v61_structuring_amount_cv,0.0
V5_PLUS_V61,1,v61_layering_successor_ratio,0.14074543868241043
V5_PLUS_V61,2,v61_layering_successor_count,0.12331916585041078
V5_PLUS_V61,3,v61_min_successor_delay_sec,0.09045011367581342
V5_PLUS_V61,4,v61_rapid_successor_ratio,0.07714058453867298
V5_PLUS_V61,5,v61_rapid_successor_count,0.06823976770994092
V5_PLUS_V61,6,v61_rapid_chain_depth,0.06657570551088494
V5_PLUS_V61,7,v61_very_rapid_successor_count,0.04194908741121244
V5_PLUS_V61,8,counterparty_count,0.027868892838671052
V5_PLUS_V61,9,v61_very_high_amount_retention_ratio,0.01874076920316376
V5_PLUS_V61,10,v61_structuring_amount_mean,0.0172364812325099
V5_PLUS_V61,11,v61_structuring_band_ratio,0.016658127670752386
V5_PLUS_V61,12,out_degree,0.015569402472764452
V5_PLUS_V61,13,v61_structuring_band_count,0.015441870328124723
V5_PLUS_V61,14,v61_temporal_outgoing_edge_count,0.014654001592321683
V5_PLUS_V61,15,v61_high_amount_retention_count,0.014587578232153921
V5_PLUS_V61,16,v61_high_amount_retention_ratio,0.01344106385118482
V5_PLUS_V61,17,v61_very_high_amount_retention_count,0.013318544466976388
V5_PLUS_V61,18,v6_output_amount_entropy,0.013049459905633104
V5_PLUS_V61,19,total_output_btc,0.010205608922015923
V5_PLUS_V61,20,v6_median_interarrival_sec,0.009256060290290247
V5_PLUS_V61,21,v6_min_interarrival_sec,0.009087751983997113
V5_PLUS_V61,22,output_amount_entropy,0.007430133419247455
V5_PLUS_V61,23,v6_burst_interval_count,0.007375808802179975
V5_PLUS_V61,24,output_amount_concentration,0.006940137221515051
V5_PLUS_V61,25,v6_repeated_output_amount_ratio,0.006873823158496199
V5_PLUS_V61,26,v6_output_amount_concentration,0.006809135051783629
V5_PLUS_V61,27,v6_mean_outputs_per_spend,0.0062161993401796175
V5_PLUS_V61,28,v6_fanout_tx_count,0.006066442020834627
V5_PLUS_V61,29,v61_median_successor_delay_sec,0.005831189859764827
V5_PLUS_V61,30,v6_max_outputs_per_spend,0.005825671233275185
V5_PLUS_V61,31,in_degree,0.005193334793793669
V5_PLUS_V61,32,v6_fanout_tx_ratio,0.004471281000806039
V5_PLUS_V61,33,v61_small_peel_output_ratio,0.004449309789181325
V5_PLUS_V61,34,v6_mean_interarrival_sec,0.004341601732080798
V5_PLUS_V61,35,v6_burst_interval_ratio,0.003987538006357755
V5_PLUS_V61,36,exact_match_count,0.003924430046605828
V5_PLUS_V61,37,v6_network_exact_match_count,0.003842180350059096
V5_PLUS_V61,38,v6_repeated_output_amount_count,0.003799621926368193
V5_PLUS_V61,39,output_transaction_count,0.0037562559233575298
V5_PLUS_V61,40,v6_incoming_tx_count,0.003709886474689743
V5_PLUS_V61,41,v6_max_repeated_amount_frequency,0.003691676566864054
V5_PLUS_V61,42,v61_successor_observation_count,0.0036087821031877856
V5_PLUS_V61,43,v6_active_tx_count,0.0035950550465125297
V5_PLUS_V61,44,v61_mean_amount_retention,0.003324591602744803
V5_PLUS_V61,45,v61_median_amount_retention,0.003297932794703485
V5_PLUS_V61,46,v6_network_weighted_evidence,0.0032333029842414457
V5_PLUS_V61,47,v6_median_spend_delay_sec,0.00303761858122708
V5_PLUS_V61,48,v61_small_peel_amount_mean,0.0030090773591004323
V5_PLUS_V61,49,v6_network_src_country_count,0.002928306499193924
V5_PLUS_V61,50,network_risk_signal,0.0028263424919844084
V5_PLUS_V61,51,v61_small_peel_output_count,0.0027937372933750427
V5_PLUS_V61,52,v61_amount_retention_observations,0.0025371208080980086
V5_PLUS_V61,53,v6_min_spend_delay_sec,0.0023419448914869623
V5_PLUS_V61,54,v6_mean_spend_delay_sec,0.0022992938904293127
V5_PLUS_V61,55,v6_network_hosting_event_count,0.0019795682204171985
V5_PLUS_V61,56,total_input_btc,0.0019769263297552946
V5_PLUS_V61,57,v6_network_median_time_delta_ms,0.0019106562412381845
V5_PLUS_V61,58,v6_two_output_tx_ratio,0.0018995164180196792
V5_PLUS_V61,59,v6_network_src_asn_count,0.0018052792705047583
V5_PLUS_V61,60,v6_network_candidate_count,0.0017964158207693715
V5_PLUS_V61,61,hosting_like_event_count,0.0017855167915387842
V5_PLUS_V61,62,v6_network_high_conf_ip_rate,0.0016928302084821623
V5_PLUS_V61,63,v6_network_dst_ip_count,0.0015975326930578915
V5_PLUS_V61,64,min_abs_time_delta_ms,0.0015757162153595657
V5_PLUS_V61,65,exact_match_rate,0.0014204863689134587
V5_PLUS_V61,66,v6_flow_through_ratio,0.001386738180752349
V5_PLUS_V61,67,v6_network_src_ip_count,0.0013863062603086031
V5_PLUS_V61,68,v6_input_amount_concentration,0.0011742206050909829
V5_PLUS_V61,69,v6_outgoing_tx_count,0.001170689929332681
V5_PLUS_V61,70,flow_imbalance,0.0010650251049842277
V5_PLUS_V61,71,v6_network_exact_match_rate,0.0009775358143530354
V5_PLUS_V61,72,v61_unique_source_ip_count,0.000906920592975479
V5_PLUS_V61,73,close_match_rate,0.0009031617282162698
V5_PLUS_V61,74,input_amount_concentration,0.0008952098073227273
V5_PLUS_V61,75,broad_match_count,0.0008884223603562578
V5_PLUS_V61,76,v61_mean_entities_per_ip,0.0008511304174017681
V5_PLUS_V61,77,input_amount_entropy,0.0007919355396558967
V5_PLUS_V61,78,v6_unique_output_amounts,0.0007058734403727981
V5_PLUS_V61,79,v61_max_entities_per_ip,0.0006642023108754929
V5_PLUS_V61,80,v6_mean_inputs_per_spend,0.0005796201164383014
V5_PLUS_V61,81,close_match_count,0.0005500942645263357
V5_PLUS_V61,82,v6_two_output_tx_count,0.0005039829876397565
V5_PLUS_V61,83,v6_input_amount_entropy,0.0004914640788768949
V5_PLUS_V61,84,v6_network_high_conf_asn_rate,0.0004886667701966886
V5_PLUS_V61,85,v6_max_inputs_per_spend,0.0004448839094985463
V5_PLUS_V61,86,v6_spend_delay_observations,0.0004412595845170823
V5_PLUS_V61,87,input_transaction_count,0.00039365265401189865
V5_PLUS_V61,88,v61_shared_ip_count,0.0003809940542455528
V5_PLUS_V61,89,v6_network_tor_event_count,0.0003126648282046956
V5_PLUS_V61,90,tor_like_event_count,0.0002961371681779766
V5_PLUS_V61,91,high_confidence_asn_evidence_count,0.00029231915869603204
V5_PLUS_V61,92,v61_shared_ip_ratio,0.0002649517726872688
V5_PLUS_V61,93,high_confidence_ip_evidence_count,0.00023976622355703585
V5_PLUS_V61,94,v6_rapid_spend_count,0.0001091605724746802
V5_PLUS_V61,95,v6_fanin_tx_ratio,5.050546488267114e-05
V5_PLUS_V61,96,v6_fanin_tx_count,4.782028768238602e-05
V5_PLUS_V61,97,v6_rapid_spend_ratio,0.0
V5_PLUS_V61,98,v6_very_rapid_spend_ratio,0.0
V5_PLUS_V61,99,v61_structuring_amount_std,0.0
V5_PLUS_V61,100,v61_peel_min_interval_sec,0.0
V5_PLUS_V61,101,v61_small_peel_amount_std,0.0
V5_PLUS_V61,102,v61_peel_median_interval_sec,0.0
V5_PLUS_V61,103,v61_structuring_min_interval_sec,0.0
V5_PLUS_V61,104,v61_structuring_median_interval_sec,0.0
V5_PLUS_V61,105,v61_small_peel_amount_cv,0.0
V5_PLUS_V61,106,v61_structuring_amount_cv,0.0
